EXT_ID,WalmartReceipt,PredictionScore
58ab4fc9e4b08c6e1ec0a94d,FALSE,0.202153
58bdf93de4b0d23e37738fbc,FALSE,0.0346395
58bd6df3e4b0d23e377385c6,FALSE,0.363644
58bca5c1e4b0d23e37737e33,FALSE,0.0823171
58924c43e4b018a8bfc287fa,FALSE,0.23473
58bc69a0e4b0d23e377376d8,FALSE,0.0433836
58bc3df1e4b0d23e37737191,FALSE,0.058762
58a0c72ae4b0314ab22f9849,FALSE,0.221483
58a8b522e4b0fe09880452f1,TRUE,0.716331
58bc2ac7e4b0d23e37736f03,FALSE,0.115522
58bc1cb6e4b0d23e37736d43,FALSE,0.086682
58bc4a95e4b0d23e37737312,FALSE,0.0123003
58b98a0ce4b0d23e377354d1,FALSE,0.0213852
58ba1feee4b0d23e37735ac6,FALSE,0.247916
58990eefe4b05f998de95db2,FALSE,0.272856
58bb08a3e4b0d23e3773615c,TRUE,0.647146
587194fee4b0e80f9e3c2517,FALSE,0.0681073
58bad6b4e4b0d23e37735cd1,TRUE,0.507326
58bccd5fe4b0d23e377381d4,FALSE,0.0482539
589f541ce4b0314ab22f95ef,FALSE,0.0294115
58b6d994e4b0d23e37734e7c,FALSE,0.0126477
587fcc5fe4b03e3ebfd77f00,FALSE,0.0161587
58b61e0ee4b0d23e37734d43,FALSE,0.058977
58a8cb3be4b0fe0988045343,FALSE,0.0374008
58b07ef6e4b05f7a051930e8,FALSE,0.0552218
589e4181e4b0314ab22f94c6,FALSE,0.404607
58bc460be4b0d23e37737274,FALSE,0.138541
58bcc76ee4b0d23e3773815f,FALSE,0.0417879
58ae8c80e4b068eafab0c759,FALSE,0.16367
58b8b6bfe4b0d23e37735383,FALSE,0.0183437
58b8bbe0e4b0d23e3773539a,FALSE,0.436342
58a9faece4b0fe09880454c9,FALSE,0.0675186
587fdd1be4b03e3ebfd77f0a,FALSE,0.0255861
588c1973e4b090cf9c5a45b5,FALSE,0.0996269
5878179fe4b0d1a74fe8d43c,FALSE,0.029249
58925e29e4b018a8bfc2881c,FALSE,0.170799
586f339de4b0e80f9e3c2420,FALSE,0.0281682
589e11fce4b0314ab22f944e,FALSE,0.0255378
586d862fe4b00ce8c12e99f4,FALSE,0.199271
58cf4977e4b06d16e3cd853b,FALSE,0.037114
58bc4159e4b0d23e377371dc,FALSE,0.0330949
58badd18e4b0d23e37735d6f,FALSE,0.0527015
58cf1e49e4b06d16e3cd83e6,TRUE,0.686455
58b4d8b2e4b0d23e37734ae1,FALSE,0.015454
58a1047be4b0314ab22f9974,FALSE,0.0250613
58a4cf2ae4b0314ab22f9d87,FALSE,0.233936
58a237b3e4b0314ab22f9ac9,FALSE,0.0595376
58bdea6ce4b0d23e37738e77,FALSE,0.0462284
58cef5f5e4b06d16e3cd81b7,TRUE,0.571214
58cc5a84e4b06d16e3cd6ee2,FALSE,0.191509
58bdc009e4b0d23e37738b1f,FALSE,0.0522217
58bcc05ae4b0d23e377380d2,FALSE,0.0521048
58c36fd2e4b06d16e3cd2cdc,FALSE,0.0691552
58bcb441e4b0d23e37737fbd,FALSE,0.180954
58bde956e4b0d23e37738e50,FALSE,0.357938
58bdd94fe4b0d23e37738d13,FALSE,0.150142
58beba96e4b0d23e377394b2,FALSE,0.0605384
58be17dde4b0d23e37739201,FALSE,0.0180689
58ceda98e4b06d16e3cd8014,FALSE,0.118287
58be34c2e4b0d23e37739355,TRUE,0.539568
58bc48c5e4b0d23e377372cd,FALSE,0.227939
58baf4bce4b0d23e37735fc2,FALSE,0.210176
58bea036e4b0d23e37739410,FALSE,0.0155676
58ab8a51e4b08c6e1ec0a9d5,TRUE,0.565036
58bc743ce4b0d23e37737834,FALSE,0.250833
58bc37b1e4b0d23e377370c6,FALSE,0.319732
58c0ad8ce4b0d23e3773a719,FALSE,0.164153
58bc4736e4b0d23e377372a1,FALSE,0.0965811
58bc73cae4b0d23e37737828,FALSE,0.0636217
58bcc0dae4b0d23e377380da,TRUE,0.511436
58701a75e4b0e80f9e3c24ac,FALSE,0.135638
58bd6f39e4b0d23e377385d9,FALSE,0.067146
58be1a1be4b0d23e37739223,FALSE,0.0646279
58bc95fee4b0d23e37737c77,FALSE,0.339
58bad980e4b0d23e37735d07,FALSE,0.00345551
58bc90f5e4b0d23e37737bd6,FALSE,0.0236056
58b98a29e4b0d23e377354d2,FALSE,0.13529
58bc7f3ae4b0d23e377379af,FALSE,0.179944
58aa1c0fe4b0fe098804551d,TRUE,0.541018
589f1f7ce4b0314ab22f957a,FALSE,0.220462
58a4f299e4b0314ab22f9dc0,FALSE,0.052499
58ace5f8e4b08c6e1ec0abea,FALSE,0.0380203
5894bc98e4b05f998de9580a,FALSE,0.0200662
58af84e5e4b068eafab0c886,FALSE,0.030085
58a9b6f6e4b0fe0988045435,FALSE,0.0928921
58bc3aeee4b0d23e37737141,FALSE,0.143209
58bca681e4b0d23e37737e45,FALSE,0.017808
58bc3ba1e4b0d23e37737151,FALSE,0.167797
58963462e4b05f998de959d5,FALSE,0.380774
58be0190e4b0d23e3773908c,FALSE,0.00927615
588a3873e4b090cf9c5a4457,FALSE,0.0877685
58bc347ae4b0d23e3773705f,FALSE,0.162824
589d0de3e4b0314ab22f9316,FALSE,0.356036
58bdd3d1e4b0d23e37738c96,FALSE,0.0249577
58bae350e4b0d23e37735e0b,FALSE,0.0712121
58bc87d7e4b0d23e37737abf,FALSE,0.117425
5894b302e4b05f998de957fc,FALSE,0.100877
58aa2fd7e4b0fe0988045531,FALSE,0.218285
58b58df1e4b0d23e37734bb0,FALSE,0.0135309
58bafad7e4b0d23e37736047,FALSE,0.0303894
588b93f2e4b090cf9c5a4534,FALSE,0.0690493
58bc0d99e4b0d23e37736bc5,FALSE,0.0727923
58ba4682e4b0d23e37735b6b,FALSE,0.068492
58bc3b18e4b0d23e37737146,FALSE,0.0286847
58bafcc6e4b0d23e3773607c,FALSE,0.064425
58bc56f9e4b0d23e3773749c,FALSE,0.0210112
58bc1144e4b0d23e37736c0b,FALSE,0.0502741
5894b172e4b05f998de957f5,FALSE,0.00732098
58b9d3eae4b0d23e377357f7,FALSE,0.204989
58bc0826e4b0d23e37736b7a,FALSE,0.00193149
58bc3815e4b0d23e377370d4,FALSE,0.230134
5890f4c5e4b090cf9c5a48e8,FALSE,0.0208012
58bbfb62e4b0d23e37736b43,TRUE,0.684338
58bc289de4b0d23e37736ec0,FALSE,0.169708
5897907ce4b05f998de95c04,FALSE,0.162683
58bc0c4ae4b0d23e37736bab,FALSE,0.028893
58be0321e4b0d23e3773909e,FALSE,0.0576728
58ba3cbfe4b0d23e37735b4f,FALSE,0.0736842
587c0deee4b0d1a74fe8d656,FALSE,0.21365
58bc533ce4b0d23e37737413,FALSE,0.472521
58cf492ee4b06d16e3cd8537,FALSE,0.026406
58babc60e4b0d23e37735c0b,FALSE,0.0248318
58bb40bfe4b0d23e377365f3,FALSE,0.321593
58a0d138e4b0314ab22f9875,FALSE,0.0503986
58bb303be4b0d23e377364aa,FALSE,0.290987
58bc7a2fe4b0d23e377378fb,FALSE,0.241655
58bb188ce4b0d23e377362cb,FALSE,0.039636
58bb0a94e4b0d23e37736191,FALSE,0.0281383
58bc2345e4b0d23e37736e07,FALSE,0.147312
58bb0527e4b0d23e37736105,FALSE,0.419222
58baf8e8e4b0d23e37736020,FALSE,0.189766
58bc7f45e4b0d23e377379b5,FALSE,0.424562
58b9b814e4b0d23e3773563e,FALSE,0.308145
58acdbf8e4b08c6e1ec0abd4,FALSE,0.0405955
589d0fdae4b0314ab22f9321,FALSE,0.0770117
58bc3c73e4b0d23e37737160,FALSE,0.291459
58baeec9e4b0d23e37735f06,FALSE,0.0420123
58baeae3e4b0d23e37735eac,FALSE,0.384298
58baeba0e4b0d23e37735eb9,FALSE,0.0466368
58bae265e4b0d23e37735df2,FALSE,0.121916
58bc6bece4b0d23e37737728,FALSE,0.0118682
58bc8bdce4b0d23e37737b4a,FALSE,0.0393731
58bc7c1ee4b0d23e3773792f,FALSE,0.0412491
58bb429de4b0d23e3773660f,FALSE,0.0808359
58ba13ffe4b0d23e37735a56,FALSE,0.00280271
58bc554be4b0d23e3773744e,FALSE,0.0126226
58bb4a1ae4b0d23e37736673,FALSE,0.463727
58b9bedde4b0d23e377356c5,FALSE,0.110095
58b9d2ffe4b0d23e377357e4,FALSE,0.151138
58b9c7e7e4b0d23e37735744,FALSE,0.451806
58badb4be4b0d23e37735d34,FALSE,0.0928738
58b9b87ce4b0d23e37735647,FALSE,0.0287603
58b1bed3e4b0eec3bce00225,FALSE,0.0661198
58b9b3ece4b0d23e3773560a,FALSE,0.0247894
58bb7d6ae4b0d23e377369b0,TRUE,0.774241
58b9b3bfe4b0d23e37735604,FALSE,0.0105266
58ba2d43e4b0d23e37735b12,FALSE,0.227047
58b991aee4b0d23e377354ea,FALSE,0.0569914
58b82adee4b0d23e377351bc,FALSE,0.123502
58b96cc1e4b0d23e37735488,FALSE,0.00840933
58a72849e4b0fe09880450dd,FALSE,0.0298885
58bc3028e4b0d23e37736fb4,FALSE,0.0457863
5889339fe4b05f73db077a61,FALSE,0.0616553
58bc4142e4b0d23e377371d8,FALSE,0.0190873
58bb369be4b0d23e3773652f,FALSE,0.00319108
58b6963de4b0d23e37734e05,FALSE,0.344524
58b4df40e4b0d23e37734afd,TRUE,0.666711
58b97360e4b0d23e37735495,FALSE,0.00916476
58bc4608e4b0d23e37737272,FALSE,0.150375
58b83d8be4b0d23e377351ee,FALSE,0.255967
58b48c24e4b0d23e377349d8,FALSE,0.00500689
58b2f868e4b0eec3bce00465,FALSE,0.0849647
58b344bae4b0eec3bce0057a,FALSE,0.0969738
58b9fb75e4b0d23e3773594d,FALSE,0.362575
58b2e47de4b0eec3bce0043a,FALSE,0.169593
58b1f1aae4b0eec3bce002c8,FALSE,0.144758
588b8763e4b090cf9c5a452c,FALSE,0.253052
58bb40bce4b0d23e377365f2,FALSE,0.00700622
58b21718e4b0eec3bce00354,FALSE,0.0964566
58b44040e4b0eec3bce00780,FALSE,0.0108199
58bc2adce4b0d23e37736f06,TRUE,0.605049
58af514ce4b068eafab0c81b,FALSE,0.0302877
58a617dce4b0314ab22f9eed,FALSE,0.00604054
58bc55cbe4b0d23e37737466,FALSE,0.020003
588ff611e4b090cf9c5a487c,FALSE,0.0581085
58889482e4b05f73db077a1a,FALSE,0.0463052
58a746a5e4b0fe0988045106,FALSE,0.340251
58af4a6fe4b068eafab0c813,FALSE,0.14918
58799e4ce4b0d1a74fe8d527,FALSE,0.137088
589fadfde4b0314ab22f96b7,FALSE,0.0559147
58bd4c1ee4b0d23e37738459,FALSE,0.0711695
58a0df9ee4b0314ab22f990d,FALSE,0.0383649
58b8bd59e4b0d23e377353a1,TRUE,0.713962
58ab6ae8e4b08c6e1ec0a97f,FALSE,0.0232841
58a3b697e4b0314ab22f9c66,FALSE,0.184672
58a60a3ee4b0314ab22f9eb8,FALSE,0.0818677
58a62a18e4b0314ab22f9f04,FALSE,0.25023
58bb5550e4b0d23e37736710,FALSE,0.00777623
58a23e9fe4b0314ab22f9ad2,FALSE,0.0205299
5871a2d5e4b0e80f9e3c251c,FALSE,0.214567
5899d228e4b05f998de95ea3,FALSE,0.166698
587bdbb3e4b0d1a74fe8d636,FALSE,0.0383542
58bc72fde4b0d23e37737816,FALSE,0.19982
58b0b70be4b05f7a0519318d,FALSE,0.188615
589b5c0be4b05f998de96081,FALSE,0.0164405
589fb03ce4b0314ab22f96b9,FALSE,0.0407115
58768190e4b0087d2c8a0706,FALSE,0.0102083
589eca29e4b0314ab22f9536,FALSE,0.0266503
589eca68e4b0314ab22f9539,FALSE,0.0480654
58a38adbe4b0314ab22f9c27,FALSE,0.146243
58a457cbe4b0314ab22f9cce,FALSE,0.032294
589f293ce4b0314ab22f958a,FALSE,0.364008
58badc84e4b0d23e37735d63,FALSE,0.133409
58a85948e4b0fe098804522e,FALSE,0.0361655
588e38fde4b090cf9c5a46cc,TRUE,0.735155
589634c5e4b05f998de959da,FALSE,0.27009
58b0a1d6e4b05f7a05193141,FALSE,0.0426109
58b9fb43e4b0d23e3773594b,FALSE,0.15054
589b960be4b05f998de960b0,FALSE,0.075289
58b0cb3fe4b0eec3bce00104,FALSE,0.0650672
58b19fc5e4b0eec3bce001cd,FALSE,0.0778898
589b5e87e4b05f998de96084,FALSE,0.339077
58b306d3e4b0eec3bce0048d,FALSE,0.0606311
58a5ee24e4b0314ab22f9e81,FALSE,0.150198
5894b9e6e4b05f998de95807,FALSE,0.235568
587a99cce4b0d1a74fe8d5b7,FALSE,0.0341523
58a3404de4b0314ab22f9bc6,FALSE,0.0549892
5878efe6e4b0d1a74fe8d494,FALSE,0.139496
58963d36e4b05f998de959f9,FALSE,0.297366
58a0cdfee4b0314ab22f985f,FALSE,0.0784776
5897aaf1e4b05f998de95c2c,FALSE,0.0550638
586f3181e4b0e80f9e3c241a,TRUE,0.536647
588fa6a8e4b090cf9c5a47f6,FALSE,0.0210326
58a0081ae4b0314ab22f976a,FALSE,0.0873902
5897a418e4b05f998de95c21,FALSE,0.0259079
58acb844e4b08c6e1ec0ab5a,FALSE,0.0467071
58993fe9e4b05f998de95e33,FALSE,0.0830091
589e145de4b0314ab22f9457,FALSE,0.0425162
5896111ae4b05f998de9596e,FALSE,0.0107398
58a0a29be4b0314ab22f97f1,FALSE,0.0988787
58acdb86e4b08c6e1ec0abd1,FALSE,0.03447
586f31f8e4b0e80f9e3c241e,FALSE,0.357045
5893a7ebe4b018a8bfc288dd,FALSE,0.0108084
588794dee4b05f73db077971,FALSE,0.203631
58ad1291e4b08c6e1ec0ac4a,FALSE,0.359945
588fc26ce4b090cf9c5a4826,FALSE,0.156463
58b1f23be4b0eec3bce002ce,FALSE,0.0139846
58af6523e4b068eafab0c831,FALSE,0.145439
58975d09e4b05f998de95b87,FALSE,0.00983503
58912b08e4b090cf9c5a4935,FALSE,0.0123528
58a5ebefe4b0314ab22f9e74,FALSE,0.0671477
58aa110ee4b0fe09880454f4,FALSE,0.00716006
58b615c3e4b0d23e37734d02,FALSE,0.260343
588deb0ae4b090cf9c5a4692,FALSE,0.0157852
588bed0be4b090cf9c5a4599,FALSE,0.275091
58880f3ee4b05f73db0779e1,FALSE,0.00832821
5871de3de4b0e80f9e3c2539,FALSE,0.030622
586f31a4e4b0e80f9e3c241b,TRUE,0.674598
58867a56e4b05f73db0778bb,FALSE,0.0276956
5878274ae4b0d1a74fe8d44d,FALSE,0.00201276
58b8febfe4b0d23e3773545d,FALSE,0.290172
58a75909e4b0fe0988045129,FALSE,0.0298715
587d8eeae4b068f9da392965,FALSE,0.0550561
58b5ee78e4b0d23e37734c87,FALSE,0.278995
58bafedfe4b0d23e377360b5,FALSE,0.0890801
5877f8a7e4b0d1a74fe8d423,FALSE,0.0441647
58892cbbe4b05f73db077a58,FALSE,0.0107151
589b87dae4b05f998de960a7,FALSE,0.0211171
587e16ece4b068f9da39297d,FALSE,0.298018
586f1ff9e4b0e80f9e3c2410,TRUE,0.611905
5897bb41e4b05f998de95c61,FALSE,0.0858217
5883fa8ae4b04c4484df0789,FALSE,0.236546
586c5e93e4b00ce8c12e99b9,FALSE,0.216042
58bc44c6e4b0d23e3773724d,FALSE,0.0204421
586d443ae4b00ce8c12e99e8,FALSE,0.367909
58b38daee4b0eec3bce0065c,FALSE,0.19998
58716637e4b0e80f9e3c2504,FALSE,0.0841653
58b06c82e4b05f7a051930cc,FALSE,0.117144
58a0ad0be4b0314ab22f9813,FALSE,0.266475
58abad39e4b08c6e1ec0aa20,TRUE,0.598287
586d437fe4b00ce8c12e99e3,FALSE,0.011146
5898f94de4b05f998de95d86,FALSE,0.0306802
588e08e4e4b090cf9c5a46a2,FALSE,0.180821
589cb4a8e4b0314ab22f9275,FALSE,0.22835
5894da65e4b05f998de9582b,FALSE,0.48571
5871e504e4b0e80f9e3c253c,FALSE,0.191216
58901bcde4b090cf9c5a489d,FALSE,0.333374
587f8936e4b03e3ebfd77ed8,FALSE,0.16459
58b877cce4b0d23e37735297,TRUE,0.66791
589511eae4b05f998de95879,FALSE,0.0188121
58bcf699e4b0d23e377383c4,TRUE,0.641942
58968005e4b05f998de95ab1,FALSE,0.245466
58b9d42de4b0d23e377357fd,FALSE,0.44188
5889332ce4b05f73db077a5c,FALSE,0.148496
58b20d0be4b0eec3bce00341,FALSE,0.204366
58bad8ede4b0d23e37735cf7,FALSE,0.232745
58bc581de4b0d23e377374be,TRUE,0.791779
58bcc5f5e4b0d23e37738140,FALSE,0.245714
58b4d248e4b0d23e37734ac9,TRUE,0.508113
58b73c4ae4b0d23e37734fb2,FALSE,0.116146
58af219ee4b068eafab0c7cb,FALSE,0.0675395
589d262de4b0314ab22f9353,FALSE,0.23184
587cea46e4b0d1a74fe8d6d5,TRUE,0.555753
58bb63efe4b0d23e37736817,FALSE,0.0147666
58a249d4e4b0314ab22f9aea,FALSE,0.126184
58a2175de4b0314ab22f9a7a,FALSE,0.110408
58797648e4b0d1a74fe8d502,FALSE,0.259924
58960e94e4b05f998de9595e,FALSE,0.374591
58af63bbe4b068eafab0c82e,FALSE,0.00665229
58992400e4b05f998de95de2,FALSE,0.0112732
58a7c571e4b0fe09880451ca,FALSE,0.312035
58bc970be4b0d23e37737c99,FALSE,0.107141
58d5d179e4b06d16e3cdb114,FALSE,0.0496449
58bae229e4b0d23e37735deb,FALSE,0.107878
58baefdee4b0d23e37735f3a,FALSE,0.138953
58be0ef4e4b0d23e37739168,FALSE,0.0410372
589de582e4b0314ab22f93d3,FALSE,0.146122
5889574ee4b05f73db077a7b,FALSE,0.00408537
58bc6047e4b0d23e377375c7,FALSE,0.315749
58bb6b0ce4b0d23e37736889,FALSE,0.285839
58925ae5e4b018a8bfc28816,FALSE,0.0505843
588a5f06e4b090cf9c5a447c,FALSE,0.14093
588cd80ee4b090cf9c5a45f6,TRUE,0.901154
5882c9c6e4b04c4484df06d1,FALSE,0.0447803
58b888bce4b0d23e377352db,FALSE,0.0727862
58bc85cae4b0d23e37737a81,FALSE,0.0851607
58b4e186e4b0d23e37734b04,FALSE,0.393348
58b0ad20e4b05f7a0519315d,FALSE,0.0279256
58ab413fe4b08c6e1ec0a929,FALSE,0.191958
58be0ca6e4b0d23e3773914a,FALSE,0.177729
5872accfe4b0e80f9e3c256b,FALSE,0.134046
586fc847e4b0e80f9e3c243b,FALSE,0.405541
58b4d30be4b0d23e37734ad2,FALSE,0.181893
58be0eb8e4b0d23e37739164,FALSE,0.0239006
58bdf800e4b0d23e37738f98,FALSE,0.118047
58bdd5f4e4b0d23e37738cc5,FALSE,0.428096
58bdb316e4b0d23e37738a05,FALSE,0.0573602
58bc238ee4b0d23e37736e0f,FALSE,0.0440633
58bb2fb5e4b0d23e377364a1,FALSE,0.192186
58bb4e24e4b0d23e377366aa,FALSE,0.00889784
58b989bbe4b0d23e377354cf,FALSE,0.0257268
58b63606e4b0d23e37734d8a,FALSE,0.449264
58b61e6fe4b0d23e37734d45,FALSE,0.19251
589bcb39e4b05f998de9612b,FALSE,0.0647844
58bcd531e4b0d23e37738289,TRUE,0.691044
58b75326e4b0d23e37734ffc,FALSE,0.386322
58ac97d9e4b08c6e1ec0ab2d,FALSE,0.0410077
58a21731e4b0314ab22f9a78,FALSE,0.483857
58aa31e2e4b0fe0988045538,FALSE,0.0496233
589ab965e4b05f998de95fec,TRUE,0.5107
589bd952e4b05f998de96133,FALSE,0.289873
58a712d7e4b0fe09880450c2,TRUE,0.815168
58ace2d8e4b08c6e1ec0abe1,FALSE,0.217237
5893bfb4e4b05f998de9571d,FALSE,0.403105
587a8241e4b0d1a74fe8d5a6,FALSE,0.318828
58929366e4b018a8bfc2884a,FALSE,0.136106
588b6ce1e4b090cf9c5a451e,FALSE,0.357646
5887e0aae4b05f73db0779ab,FALSE,0.068987
588e231ae4b090cf9c5a46ab,FALSE,0.220696
587fdd6fe4b03e3ebfd77f0c,FALSE,0.066603
587aa072e4b0d1a74fe8d5c2,FALSE,0.172406
5873e01ae4b0087d2c8a0640,FALSE,0.152991
586979f6e4b09266b0cab363,FALSE,0.485465
589000b6e4b090cf9c5a4884,FALSE,0.0159364
588a24cbe4b090cf9c5a443c,FALSE,0.189852
5871b4fde4b0e80f9e3c2523,FALSE,0.102621
58bddc93e4b0d23e37738d4a,TRUE,0.816481
58be24bee4b0d23e37739295,TRUE,0.964767
5892b265e4b018a8bfc2886a,TRUE,0.701448
58bc4450e4b0d23e37737238,TRUE,0.901677
58bc2284e4b0d23e37736df2,FALSE,0.112453
58bba162e4b0d23e37736abc,TRUE,0.947225
58b59cb3e4b0d23e37734be8,TRUE,0.741152
58bcc363e4b0d23e3773810a,TRUE,0.916196
58d16b07e4b06d16e3cd90f6,FALSE,0.183278
58bc11c0e4b0d23e37736c14,TRUE,0.943958
58bd5a4de4b0d23e377384c6,TRUE,0.965179
58bd8b0ae4b0d23e37738752,TRUE,0.928687
58bd8a00e4b0d23e37738744,TRUE,0.897879
58bdc024e4b0d23e37738b22,TRUE,0.56359
58baf4cbe4b0d23e37735fc3,TRUE,0.896055
58bdf71ee4b0d23e37738f85,TRUE,0.824478
58bdf785e4b0d23e37738f90,TRUE,0.862558
58bb097ce4b0d23e3773617e,TRUE,0.932205
58bc7568e4b0d23e3773784e,TRUE,0.771574
58bdd175e4b0d23e37738c6c,TRUE,0.895329
58bbc8e6e4b0d23e37736b07,TRUE,0.965931
58bc2c7ee4b0d23e37736f31,TRUE,0.833066
58be0627e4b0d23e377390c5,FALSE,0.241202
58be58e0e4b0d23e377393d3,TRUE,0.889399
58790205e4b0d1a74fe8d4aa,TRUE,0.61136
58be2a0ee4b0d23e377392f2,TRUE,0.755001
58ab4634e4b08c6e1ec0a93b,FALSE,0.390993
58bdf8dee4b0d23e37738faf,TRUE,0.90516
58bc8106e4b0d23e377379f2,TRUE,0.934038
58bd9d40e4b0d23e377388ae,TRUE,0.694927
58bb92b4e4b0d23e37736a6a,TRUE,0.962541
58bb4faee4b0d23e377366bd,TRUE,0.952925
58bdd875e4b0d23e37738d0c,TRUE,0.990069
58bd9305e4b0d23e377387ee,TRUE,0.883304
58bd7374e4b0d23e37738602,FALSE,0.414755
5895128ae4b05f998de9587b,TRUE,0.832554
58bce4b8e4b0d23e37738328,TRUE,0.969685
58bce687e4b0d23e3773833d,TRUE,0.534104
58bce5c8e4b0d23e37738330,TRUE,0.947763
58bd9461e4b0d23e3773880d,TRUE,0.687318
58bcae50e4b0d23e37737f15,TRUE,0.84847
58bc98d7e4b0d23e37737cce,TRUE,0.959077
58bc8db4e4b0d23e37737b7a,TRUE,0.563386
58bc8148e4b0d23e377379f6,TRUE,0.903913
58ad1746e4b08c6e1ec0ac52,FALSE,0.182816
58bc7d7be4b0d23e37737970,FALSE,0.453847
58bc5d72e4b0d23e3773756b,FALSE,0.497937
58bc77d6e4b0d23e377378b8,TRUE,0.699702
58bc8276e4b0d23e37737a1c,TRUE,0.686045
58bc0ec9e4b0d23e37736be0,TRUE,0.764038
58badbc3e4b0d23e37735d49,TRUE,0.833835
58bc88e0e4b0d23e37737adc,TRUE,0.791054
58bc5e1ae4b0d23e37737584,TRUE,0.836242
58bdb758e4b0d23e37738a5b,TRUE,0.982015
58a9dc66e4b0fe098804547a,FALSE,0.37841
58bc237be4b0d23e37736e0b,TRUE,0.716824
58b734c5e4b0d23e37734f86,TRUE,0.916317
58bc1e06e4b0d23e37736d72,TRUE,0.661205
58bca5cfe4b0d23e37737e34,TRUE,0.574857
58bc16fce4b0d23e37736c7f,TRUE,0.546293
58bc1283e4b0d23e37736c2f,TRUE,0.875689
58bdc6d8e4b0d23e37738b91,TRUE,0.637157
58bc1a5de4b0d23e37736cf0,TRUE,0.610464
58bb1ff2e4b0d23e37736356,TRUE,0.872576
58bb82e0e4b0d23e377369f6,TRUE,0.840543
58bd2ecae4b0d23e37738417,TRUE,0.969539
58bb779de4b0d23e3773695e,TRUE,0.943593
58a03833e4b0314ab22f9794,TRUE,0.965915
58b1f1dfe4b0eec3bce002ca,TRUE,0.840483
58bb5c99e4b0d23e3773678f,TRUE,0.90902
58bb7447e4b0d23e37736924,TRUE,0.876987
58baf4d7e4b0d23e37735fc6,TRUE,0.988843
58bc18dae4b0d23e37736cb7,TRUE,0.751272
58bb56bee4b0d23e37736721,TRUE,0.992546
58bb6adce4b0d23e37736885,TRUE,0.518625
58bd6c28e4b0d23e377385a5,TRUE,0.769247
58bad885e4b0d23e37735cee,TRUE,0.980319
58bb54ede4b0d23e37736707,TRUE,0.978766
58bb3a07e4b0d23e37736578,TRUE,0.785979
58bc7f0de4b0d23e377379a8,FALSE,0.11402
58bc641fe4b0d23e3773762f,TRUE,0.856476
5893d156e4b05f998de95736,FALSE,0.157685
5883a992e4b04c4484df0718,TRUE,0.955204
58bb3a50e4b0d23e3773657f,TRUE,0.780407
58b4775de4b0eec3bce00863,TRUE,0.601352
58bd5a2ce4b0d23e377384c5,TRUE,0.886465
58bc7e55e4b0d23e3773798f,FALSE,0.0552888
58bc43b3e4b0d23e37737229,TRUE,0.968906
58bdf983e4b0d23e37738fc2,TRUE,0.92703
589c8b99e4b0314ab22f9246,TRUE,0.965819
58be408fe4b0d23e377393a1,TRUE,0.927509
58baefbee4b0d23e37735f35,TRUE,0.529097
589e6ad6e4b0314ab22f94fa,TRUE,0.95434
58bd64f3e4b0d23e37738534,TRUE,0.64328
58bae921e4b0d23e37735e91,TRUE,0.618772
58bae728e4b0d23e37735e6d,TRUE,0.905056
58bdc81ce4b0d23e37738ba7,TRUE,0.739445
58bae47ce4b0d23e37735e2a,TRUE,0.96569
58bcb013e4b0d23e37737f4b,FALSE,0.143188
58a725aae4b0fe09880450db,TRUE,0.541662
58a7df46e4b0fe09880451e4,FALSE,0.29986
58bc4b2fe4b0d23e37737320,TRUE,0.891893
58badb3ae4b0d23e37735d30,TRUE,0.858461
58ad5f9ae4b08c6e1ec0ac9a,TRUE,0.960335
58be226de4b0d23e37739271,TRUE,0.850186
58af9b2de4b068eafab0c8b5,TRUE,0.618308
5897dd6ce4b05f998de95c98,TRUE,0.991693
58bdc2bce4b0d23e37738b55,TRUE,0.965044
586ad044e4b09266b0cab3a4,TRUE,0.992447
5899ab98e4b05f998de95e88,TRUE,0.806683
58b4737ee4b0eec3bce00854,TRUE,0.803276
58bb2c0ce4b0d23e37736447,TRUE,0.894658
58bb0169e4b0d23e377360d8,TRUE,0.931075
58b625e3e4b0d23e37734d65,TRUE,0.564137
58adff05e4b068eafab0c6d8,TRUE,0.92861
58b23ef8e4b0eec3bce003bc,TRUE,0.944946
589cfa22e4b0314ab22f92e4,TRUE,0.968382
58a8d19ce4b0fe098804535a,TRUE,0.872914
58bd5a0ae4b0d23e377384c3,TRUE,0.98843
58a7aff4e4b0fe09880451b5,TRUE,0.956656
5899b98be4b05f998de95e8d,TRUE,0.702275
589c8b5ee4b0314ab22f9243,TRUE,0.904167
58a700a6e4b0fe098804509c,TRUE,0.943163
58b1e63ae4b0eec3bce002a9,TRUE,0.942148
589fdc75e4b0314ab22f9718,TRUE,0.990008
58ad5cd2e4b08c6e1ec0ac98,FALSE,0.351329
589aa843e4b05f998de95fde,TRUE,0.893888
58b0a286e4b05f7a05193146,TRUE,0.939028
58a161fde4b0314ab22f99e0,TRUE,0.587277
589b3e47e4b05f998de96047,TRUE,0.794197
5897d504e4b05f998de95c8b,TRUE,0.919611
58bc44c3e4b0d23e3773724c,TRUE,0.974575
58b35cb7e4b0eec3bce005da,TRUE,0.762125
58b85bfce4b0d23e37735227,FALSE,0.47068
58af968fe4b068eafab0c8ac,TRUE,0.979794
589f9d4ae4b0314ab22f968f,TRUE,0.602429
58b34d1ee4b0eec3bce0059e,TRUE,0.614984
58b214bee4b0eec3bce0034d,TRUE,0.985567
58ab751ce4b08c6e1ec0a9a6,TRUE,0.886305
58b30822e4b0eec3bce00493,TRUE,0.769287
58bd59ece4b0d23e377384c0,TRUE,0.957107
58af682be4b068eafab0c836,TRUE,0.795387
58be2738e4b0d23e377392b2,TRUE,0.655834
588eb7c9e4b090cf9c5a4770,TRUE,0.825656
58adff22e4b068eafab0c6d9,TRUE,0.943959
58bb0d8ae4b0d23e377361d5,TRUE,0.952969
58bb42dfe4b0d23e37736614,TRUE,0.965198
58992f5ee4b05f998de95e15,TRUE,0.912577
58b795d4e4b0d23e377350e4,FALSE,0.164
589dd431e4b0314ab22f93b3,FALSE,0.462892
58c72d95e4b06d16e3cd4c58,TRUE,0.754406
58b4d967e4b0d23e37734ae2,FALSE,0.448963
58af2abbe4b068eafab0c7e9,TRUE,0.928347
58ba297de4b0d23e37735aff,TRUE,0.954164
58b8a7b4e4b0d23e37735359,FALSE,0.443215
58af7621e4b068eafab0c852,TRUE,0.82351
589904a0e4b05f998de95d9e,TRUE,0.963827
58bdcbe3e4b0d23e37738bff,TRUE,0.854875
58bc906ae4b0d23e37737bc9,TRUE,0.907369
58bb0d95e4b0d23e377361d6,TRUE,0.531379
58baf4f9e4b0d23e37735fca,TRUE,0.820795
58af89dfe4b068eafab0c88f,FALSE,0.419
589b4b48e4b05f998de96055,TRUE,0.765595
58bcc31be4b0d23e37738103,TRUE,0.716117
5876f559e4b0087d2c8a078b,FALSE,0.391636
58b2ece9e4b0eec3bce0044c,FALSE,0.497251
58a4cf07e4b0314ab22f9d86,TRUE,0.798917
58ba42b3e4b0d23e37735b5f,TRUE,0.73588
58ae930ae4b068eafab0c764,FALSE,0.467367
58ae26dfe4b068eafab0c706,TRUE,0.981169
58b38e80e4b0eec3bce00664,TRUE,0.985625
58bb0aafe4b0d23e37736198,TRUE,0.951503
5872f57ee4b0e80f9e3c2595,TRUE,0.877235
5879028ee4b0d1a74fe8d4b0,TRUE,0.640652
58ab3c61e4b08c6e1ec0a91a,TRUE,0.707096
58a93e96e4b0fe09880453e5,TRUE,0.969952
5887ec83e4b05f73db0779b6,TRUE,0.858572
58bcdcade4b0d23e377382d8,TRUE,0.953825
5876f522e4b0087d2c8a0788,FALSE,0.490345
58b37679e4b0eec3bce0062d,TRUE,0.558901
58b03dcfe4b05f7a051930a0,TRUE,0.802844
589c55f0e4b05f998de96157,TRUE,0.924275
58893319e4b05f73db077a5b,TRUE,0.991298
58782ac9e4b0d1a74fe8d454,TRUE,0.741508
58a07af3e4b0314ab22f97b9,FALSE,0.156377
58bb244ce4b0d23e3773639c,TRUE,0.967887
58a9cea3e4b0fe098804546a,TRUE,0.924224
58ab132ce4b08c6e1ec0a8bc,FALSE,0.403971
588b514be4b090cf9c5a4503,TRUE,0.857055
5876f509e4b0087d2c8a0787,FALSE,0.149773
58af42d0e4b068eafab0c803,TRUE,0.975092
589a71afe4b05f998de95f7f,TRUE,0.547395
58a03f94e4b0314ab22f9795,TRUE,0.92625
58933790e4b018a8bfc28882,TRUE,0.90382
5879024ee4b0d1a74fe8d4ad,TRUE,0.565754
5899fbfbe4b05f998de95ebf,FALSE,0.496333
58b0c119e4b0eec3bce000e7,TRUE,0.870413
58accfc4e4b08c6e1ec0abb4,TRUE,0.650928
588a51e5e4b090cf9c5a446d,TRUE,0.922737
587b744ee4b0d1a74fe8d600,TRUE,0.799671
58a0b01ee4b0314ab22f9816,TRUE,0.925804
5871c4ace4b0e80f9e3c2530,TRUE,0.791757
587ced84e4b0d1a74fe8d6dc,TRUE,0.727936
58afae7fe4b068eafab0c8d0,TRUE,0.642532
588bcaa5e4b090cf9c5a4579,TRUE,0.807408
586fa0c8e4b0e80f9e3c242f,TRUE,0.667201
587d5de1e4b068f9da392921,TRUE,0.90309
58968fa8e4b05f998de95ad8,TRUE,0.905565
588530dae4b04c4484df0838,FALSE,0.471349
587aaf45e4b0d1a74fe8d5ca,TRUE,0.812662
587cea02e4b0d1a74fe8d6d3,TRUE,0.960919
586b09dfe4b09266b0cab3ba,TRUE,0.613089
58839941e4b04c4484df070d,TRUE,0.756863
58b33faee4b0eec3bce0056b,TRUE,0.920378
58bae64de4b0d23e37735e5b,TRUE,0.993224
58badc47e4b0d23e37735d5c,TRUE,0.793324
58bafbece4b0d23e37736065,TRUE,0.771197
58bac4fbe4b0d23e37735c36,TRUE,0.631453
58a1b245e4b0314ab22f99e7,TRUE,0.94353
5893a185e4b018a8bfc288d3,TRUE,0.941508
587cd01ce4b0d1a74fe8d6ad,FALSE,0.497524
58b1c3a9e4b0eec3bce0023c,TRUE,0.71609
586d2309e4b00ce8c12e99d8,TRUE,0.93766
586b24dde4b09266b0cab3c3,TRUE,0.829923
5885511fe4b04c4484df085f,FALSE,0.318692
58b725f6e4b0d23e37734f53,TRUE,0.90666
58af451ae4b068eafab0c80c,TRUE,0.776477
58aa0a26e4b0fe09880454e2,TRUE,0.838195
58bcbce3e4b0d23e37738098,TRUE,0.574557
58bb3ac1e4b0d23e37736582,FALSE,0.143436
58a2761de4b0314ab22f9b3a,TRUE,0.988712
58cd2f9ae4b06d16e3cd7283,TRUE,0.936069
5899f904e4b05f998de95eba,TRUE,0.789095
58c4a28be4b06d16e3cd3757,TRUE,0.956795
58baf98be4b0d23e3773602b,TRUE,0.970251
58bb1090e4b0d23e37736216,FALSE,0.132776
58bb75d4e4b0d23e3773693e,TRUE,0.87928
58bc4f6de4b0d23e377373a0,TRUE,0.887632
58bc3e32e4b0d23e37737195,FALSE,0.27824
58b63c80e4b0d23e37734da7,TRUE,0.839103
58bb759ee4b0d23e3773693a,TRUE,0.930631
58b72ae0e4b0d23e37734f63,TRUE,0.785949
58bb6ac9e4b0d23e37736883,FALSE,0.403941
58bae208e4b0d23e37735de4,TRUE,0.538218
58b9aab9e4b0d23e3773554c,TRUE,0.597679
58baef34e4b0d23e37735f1b,TRUE,0.944098
58bc7808e4b0d23e377378c2,TRUE,0.969523
58bb16a4e4b0d23e377362a4,TRUE,0.834709
589a7631e4b05f998de95f83,TRUE,0.839589
58a78d1ee4b0fe0988045186,TRUE,0.971054
58ba08cae4b0d23e377359d1,TRUE,0.987055
58bb2e3de4b0d23e37736479,TRUE,0.846535
58bdacb3e4b0d23e3773899f,TRUE,0.867995
589f2f94e4b0314ab22f9596,TRUE,0.940887
58b85fe0e4b0d23e37735230,TRUE,0.874649
58bdcd83e4b0d23e37738c1e,TRUE,0.688958
58ac6543e4b08c6e1ec0aabd,TRUE,0.636534
58ba1492e4b0d23e37735a62,TRUE,0.910754
58a22268e4b0314ab22f9a9d,TRUE,0.503985
58ac9e73e4b08c6e1ec0ab38,TRUE,0.571546
58b76ca4e4b0d23e37735051,TRUE,0.552836
58ba1cdde4b0d23e37735ab1,FALSE,0.25006
58adb50de4b068eafab0c670,TRUE,0.96918
58bdb9a7e4b0d23e37738aaa,TRUE,0.967244
58b726cde4b0d23e37734f5a,TRUE,0.646826
58bc20c5e4b0d23e37736dbd,TRUE,0.634401
58a007f0e4b0314ab22f9768,TRUE,0.953958
58b43749e4b0eec3bce00758,TRUE,0.6317
58b6e533e4b0d23e37734ead,TRUE,0.753108
58b75ec0e4b0d23e3773502f,TRUE,0.98101
58b48b58e4b0d23e377349d7,TRUE,0.547235
588f5486e4b090cf9c5a4799,TRUE,0.619438
589663b9e4b05f998de95a6e,TRUE,0.962706
589cfb7ae4b0314ab22f92e9,TRUE,0.78233
58bad58ce4b0d23e37735cc4,FALSE,0.3083
588145a3e4b04c4484df05f1,TRUE,0.960954
58ae1e98e4b068eafab0c6fb,TRUE,0.877762
58aa7c10e4b0fe09880455b1,TRUE,0.988882
58ad51e7e4b08c6e1ec0ac63,TRUE,0.834321
589fbba1e4b0314ab22f96d6,TRUE,0.88988
589924eae4b05f998de95de6,TRUE,0.905026
58879c82e4b05f73db07797e,TRUE,0.967821
5883c5ace4b04c4484df0737,TRUE,0.845905
5893aa08e4b018a8bfc288e9,FALSE,0.204426
58a600a3e4b0314ab22f9ea5,TRUE,0.56544
58a0e9cce4b0314ab22f991e,TRUE,0.825731
58952309e4b05f998de9588c,TRUE,0.981689
58a38f95e4b0314ab22f9c30,FALSE,0.055123
589e1f16e4b0314ab22f946a,TRUE,0.98243
5899fb23e4b05f998de95ebe,TRUE,0.859038
58922a60e4b018a8bfc287e2,TRUE,0.910483
588b9bc2e4b090cf9c5a4542,TRUE,0.925367
58840233e4b04c4484df0796,TRUE,0.994678
58b121ece4b0eec3bce0015f,TRUE,0.806923
58850e80e4b04c4484df080a,FALSE,0.370591
5883a9a8e4b04c4484df0719,TRUE,0.921925
58829befe4b04c4484df06a1,TRUE,0.571253
58cecf3fe4b06d16e3cd7f7f,TRUE,0.686635
58b01f48e4b068eafab0c903,TRUE,0.811584
58a8b14ee4b0fe09880452e8,TRUE,0.825237
58bc8463e4b0d23e37737a59,TRUE,0.884082
58bcc9b2e4b0d23e37738194,TRUE,0.635909
58bc72aee4b0d23e37737807,TRUE,0.846614
58bb36dce4b0d23e37736535,TRUE,0.961704
58b59f58e4b0d23e37734bf0,FALSE,0.486902
58bc279de4b0d23e37736e8e,TRUE,0.933763
58bc60dfe4b0d23e377375db,TRUE,0.910703
58af53c0e4b068eafab0c81e,TRUE,0.961081
58bb17dae4b0d23e377362bd,FALSE,0.413053
58bcacb5e4b0d23e37737eea,TRUE,0.903141
58bb1c36e4b0d23e3773631b,TRUE,0.969716
58bc4f4ee4b0d23e3773739b,TRUE,0.946867
58bc0932e4b0d23e37736b88,TRUE,0.851439
58b4e249e4b0d23e37734b05,FALSE,0.409496
58bc3835e4b0d23e377370db,TRUE,0.94955
58ce88dee4b06d16e3cd7c58,TRUE,0.990499
58bb7de3e4b0d23e377369b4,TRUE,0.974998
58bc51bce4b0d23e377373e7,TRUE,0.808792
58bc016fe4b0d23e37736b55,TRUE,0.957251
58bc2c9ce4b0d23e37736f34,TRUE,0.919455
58bea39ee4b0d23e37739422,TRUE,0.799536
58bcec52e4b0d23e37738370,TRUE,0.879493
58bc21f3e4b0d23e37736de7,TRUE,0.827639
58bcd7d8e4b0d23e377382b3,TRUE,0.716316
58bc30dae4b0d23e37736fdc,TRUE,0.72978
58c09d50e4b0d23e3773a661,TRUE,0.78203
58bb32e1e4b0d23e377364e6,TRUE,0.966256
58bd907ae4b0d23e377387b4,TRUE,0.955042
58bc6f71e4b0d23e377377a0,FALSE,0.22161
58c45716e4b06d16e3cd3311,TRUE,0.967067
58bca95ce4b0d23e37737e8a,TRUE,0.901066
58bc8656e4b0d23e37737a97,TRUE,0.853236
58bca3b9e4b0d23e37737e07,TRUE,0.662726
58bc37b2e4b0d23e377370c7,TRUE,0.727332
58bfde5ae4b0d23e37739f27,FALSE,0.42847
58beb0f0e4b0d23e37739458,TRUE,0.994773
58bdc10ce4b0d23e37738b32,TRUE,0.975986
58bc6db7e4b0d23e37737776,FALSE,0.445525
58bc6e85e4b0d23e3773778e,TRUE,0.955476
58bd8f26e4b0d23e3773879d,TRUE,0.94887
58bd88eee4b0d23e3773873a,TRUE,0.919218
58bc1dd0e4b0d23e37736d6d,TRUE,0.776935
58badf75e4b0d23e37735da5,TRUE,0.763363
58bea6f1e4b0d23e37739434,TRUE,0.952302
58bc244de4b0d23e37736e22,TRUE,0.695248
58d41aefe4b06d16e3cda3c2,TRUE,0.588282
58b8ac7ae4b0d23e37735363,TRUE,0.777514
58be0c93e4b0d23e37739148,TRUE,0.96677
58bc72e2e4b0d23e37737810,TRUE,0.533998
58be09c6e4b0d23e37739119,TRUE,0.864124
58bc9e3fe4b0d23e37737d61,TRUE,0.862154
58bc79eee4b0d23e377378f6,TRUE,0.873285
58ba0cb5e4b0d23e377359f2,TRUE,0.748403
58bb1946e4b0d23e377362dd,TRUE,0.964645
58b40128e4b0eec3bce006d5,TRUE,0.947898
58be0559e4b0d23e377390c2,TRUE,0.699952
58ba2098e4b0d23e37735ad2,TRUE,0.890202
58bb3afde4b0d23e37736587,TRUE,0.983075
58b8cf89e4b0d23e377353f8,TRUE,0.756888
58baec5ae4b0d23e37735ec8,TRUE,0.995495
58bc91dae4b0d23e37737bef,TRUE,0.641335
58bc8829e4b0d23e37737ac6,TRUE,0.559527
58bb9079e4b0d23e37736a54,TRUE,0.821271
58b6d49ae4b0d23e37734e6d,FALSE,0.227883
58bc163be4b0d23e37736c69,TRUE,0.913427
58bca0b8e4b0d23e37737da8,FALSE,0.141446
58bc4641e4b0d23e3773727a,TRUE,0.743093
58bc93aee4b0d23e37737c20,TRUE,0.786768
58be0ba9e4b0d23e3773913b,TRUE,0.990335
58d065bae4b06d16e3cd8c86,TRUE,0.911329
58bdbbc8e4b0d23e37738ade,TRUE,0.856546
58be1759e4b0d23e377391f2,TRUE,0.900911
58a519fae4b0314ab22f9df4,TRUE,0.823337
58bc2aa7e4b0d23e37736f01,TRUE,0.795059
58bc51efe4b0d23e377373f1,TRUE,0.980552
58bc6b60e4b0d23e37737716,TRUE,0.731189
58bc4824e4b0d23e377372bc,TRUE,0.936025
58bc18c7e4b0d23e37736cb5,TRUE,0.823668
58bc72f0e4b0d23e37737814,TRUE,0.890108
58bc96b8e4b0d23e37737c90,FALSE,0.410734
58bc519ae4b0d23e377373e2,TRUE,0.870838
58bc6297e4b0d23e3773760e,TRUE,0.811257
58bd9480e4b0d23e37738810,TRUE,0.544027
58bc59b5e4b0d23e377374f7,TRUE,0.973443
58b81c41e4b0d23e3773518d,TRUE,0.792107
58bcd079e4b0d23e3773821c,TRUE,0.913007
58bcead1e4b0d23e37738360,FALSE,0.469112
58bddd6ce4b0d23e37738d6a,TRUE,0.759743
58bc63c9e4b0d23e37737627,TRUE,0.795506
58bae994e4b0d23e37735e9b,FALSE,0.332299
58cea271e4b06d16e3cd7d35,TRUE,0.989857
58bdfd00e4b0d23e3773901c,TRUE,0.87154
58bb5a54e4b0d23e37736754,TRUE,0.886113
587bba8de4b0d1a74fe8d627,TRUE,0.70817
58bc91a2e4b0d23e37737be7,FALSE,0.428162
58bb0404e4b0d23e377360f7,TRUE,0.976813
58bc357fe4b0d23e3773707e,TRUE,0.993532
5893a802e4b018a8bfc288de,TRUE,0.686139
58bc5af5e4b0d23e3773751e,TRUE,0.981533
58bdd162e4b0d23e37738c6a,TRUE,0.583235
58bcbc5de4b0d23e3773808b,TRUE,0.713953
58bd62dfe4b0d23e3773851d,TRUE,0.607029
58a02952e4b0314ab22f978a,TRUE,0.795719
58bb8b16e4b0d23e37736a2e,TRUE,0.937027
58bc0db3e4b0d23e37736bc7,TRUE,0.980248
58bdc925e4b0d23e37738bc5,TRUE,0.837164
58bb7001e4b0d23e377368df,TRUE,0.622328
58bc460ae4b0d23e37737273,TRUE,0.837475
58bdb40ee4b0d23e37738a0f,TRUE,0.737342
58bcd293e4b0d23e37738256,TRUE,0.587523
58bb34c1e4b0d23e37736511,TRUE,0.91218
58bc0f4fe4b0d23e37736be7,TRUE,0.883653
58cea0e4e4b06d16e3cd7d1c,TRUE,0.917659
58bd546de4b0d23e3773847d,TRUE,0.776168
58bd90fee4b0d23e377387bb,TRUE,0.920391
58c41ee9e4b06d16e3cd2fce,TRUE,0.794127
58a84c41e4b0fe098804521f,TRUE,0.907974
58caf66ee4b06d16e3cd656e,TRUE,0.93025
58bcc5f8e4b0d23e37738141,FALSE,0.458798
58b9ff24e4b0d23e37735977,TRUE,0.975692
58b9fe62e4b0d23e3773596b,TRUE,0.532126
58bde186e4b0d23e37738dab,TRUE,0.989203
58bea3cee4b0d23e37739424,FALSE,0.29409
58bc4e5ae4b0d23e37737379,TRUE,0.936773
58c24d9be4b06d16e3cd21cd,TRUE,0.981381
58bcc4f5e4b0d23e37738125,TRUE,0.91527
58cfade6e4b06d16e3cd8612,TRUE,0.991079
58c0a5c3e4b0d23e3773a6b5,TRUE,0.523885
58bc1a3de4b0d23e37736cec,TRUE,0.953943
58bc657fe4b0d23e37737658,TRUE,0.722086
58b9be3ae4b0d23e377356b6,TRUE,0.556897
58ccec61e4b06d16e3cd7202,TRUE,0.99091
58bd656ae4b0d23e37738540,TRUE,0.51751
58bc4838e4b0d23e377372c1,FALSE,0.445722
58ba055ce4b0d23e377359c1,TRUE,0.984288
58be3e6ae4b0d23e37739399,TRUE,0.764298
58be3ccbe4b0d23e37739390,TRUE,0.926365
58cfd63ae4b06d16e3cd86e4,TRUE,0.742715
58be2657e4b0d23e377392a9,FALSE,0.330597
58be4c84e4b0d23e377393c4,TRUE,0.995324
58be216ae4b0d23e37739267,TRUE,0.793444
58bde314e4b0d23e37738dd4,TRUE,0.816428
58be16f4e4b0d23e377391e8,TRUE,0.539881
58bc42f4e4b0d23e3773720c,TRUE,0.777182
58bc6fa4e4b0d23e377377a7,FALSE,0.359073
58bc5e20e4b0d23e37737585,TRUE,0.839466
58bdfd70e4b0d23e37739022,FALSE,0.35837
58bc65b6e4b0d23e37737662,TRUE,0.939291
58bdf929e4b0d23e37738fba,TRUE,0.630094
58bdea65e4b0d23e37738e76,TRUE,0.98265
58bc6c67e4b0d23e37737740,TRUE,0.762055
58bde0c7e4b0d23e37738d99,TRUE,0.951251
58bc9a15e4b0d23e37737cf2,TRUE,0.949475
58bc134fe4b0d23e37736c47,TRUE,0.982326
58bdbb39e4b0d23e37738ad0,TRUE,0.982706
58bdc47be4b0d23e37738b6e,TRUE,0.977236
58bdc802e4b0d23e37738ba3,TRUE,0.987418
58bdc456e4b0d23e37738b6c,TRUE,0.729193
58bda04fe4b0d23e377388e7,FALSE,0.169068
58bd91d1e4b0d23e377387d6,TRUE,0.931185
58b3676fe4b0eec3bce00617,TRUE,0.540411
58bde10ce4b0d23e37738d9f,TRUE,0.676433
58bda523e4b0d23e37738934,TRUE,0.994612
58bd9fcee4b0d23e377388d8,TRUE,0.908648
58bdf361e4b0d23e37738f40,TRUE,0.740499
58bd9846e4b0d23e3773884f,TRUE,0.972881
58bd9d18e4b0d23e377388ad,TRUE,0.916764
58bd572be4b0d23e3773848f,TRUE,0.695483
58bdc5bfe4b0d23e37738b7d,TRUE,0.943507
58b6953de4b0d23e37734dfd,TRUE,0.823256
58bd918de4b0d23e377387d0,TRUE,0.774731
58be1092e4b0d23e3773917e,TRUE,0.728143
58c08134e4b0d23e3773a4c0,TRUE,0.531309
58bd7e94e4b0d23e3773869b,TRUE,0.71784
58bd8615e4b0d23e3773870b,TRUE,0.880854
58bc60d0e4b0d23e377375d6,TRUE,0.97689
58bcabf7e4b0d23e37737ed3,TRUE,0.967631
58b76012e4b0d23e37735031,FALSE,0.225992
58bf037ee4b0d23e3773984b,TRUE,0.7718
58bd6d72e4b0d23e377385b9,TRUE,0.991814
58bce6b1e4b0d23e37738342,TRUE,0.945666
58be08b4e4b0d23e377390fe,TRUE,0.961976
58bce693e4b0d23e3773833f,TRUE,0.569766
58bd7e6be4b0d23e37738697,FALSE,0.435264
58bcf236e4b0d23e377383aa,FALSE,0.247926
58bdc745e4b0d23e37738b97,TRUE,0.528976
58bcdf1ce4b0d23e377382f9,TRUE,0.927086
58bca25ae4b0d23e37737dd1,TRUE,0.876088
58a66fa6e4b0314ab22f9f6d,TRUE,0.991561
58bb214ae4b0d23e37736371,TRUE,0.951757
58bd9e37e4b0d23e377388bc,FALSE,0.419152
58bcc716e4b0d23e37738158,TRUE,0.942567
58bc4ef7e4b0d23e3773738f,TRUE,0.658974
58bdabd3e4b0d23e3773898f,TRUE,0.855373
58bc919ce4b0d23e37737be6,FALSE,0.220793
58bcb202e4b0d23e37737f81,TRUE,0.957146
58bca992e4b0d23e37737e91,TRUE,0.876694
58bc710ce4b0d23e377377d9,TRUE,0.83461
58bce696e4b0d23e37738340,TRUE,0.937977
58bc94ade4b0d23e37737c3a,TRUE,0.850447
58b9af88e4b0d23e377355a6,TRUE,0.995188
58bc93e2e4b0d23e37737c26,TRUE,0.833621
58be200ce4b0d23e3773925e,TRUE,0.969989
58bc906be4b0d23e37737bca,TRUE,0.881311
58c0b87fe4b0d23e3773a796,TRUE,0.717787
58bc8615e4b0d23e37737a8d,TRUE,0.956441
58bc9777e4b0d23e37737ca6,TRUE,0.851037
58bc3bc3e4b0d23e37737155,TRUE,0.575252
58ba1bc7e4b0d23e37735aa5,TRUE,0.868944
58bc9c87e4b0d23e37737d30,TRUE,0.873656
58bc7ae5e4b0d23e3773790a,TRUE,0.973828
58bde680e4b0d23e37738e19,TRUE,0.918099
58bc7755e4b0d23e377378a3,FALSE,0.289147
58bc7696e4b0d23e37737888,TRUE,0.966568
58bc7632e4b0d23e37737874,TRUE,0.765267
58bc6e35e4b0d23e37737788,FALSE,0.45268
58bc6a77e4b0d23e377376f9,TRUE,0.849986
58bc672ce4b0d23e3773768c,TRUE,0.638717
58bc6a50e4b0d23e377376f3,TRUE,0.933849
58bc6070e4b0d23e377375cc,FALSE,0.268493
58bc6064e4b0d23e377375cb,TRUE,0.973922
58be176ae4b0d23e377391f9,TRUE,0.799462
58bc65b5e4b0d23e37737661,TRUE,0.85661
58bc627ee4b0d23e3773760b,TRUE,0.912378
58bc95afe4b0d23e37737c64,TRUE,0.819751
58bc3c4be4b0d23e3773715d,FALSE,0.187834
58bc0dbae4b0d23e37736bc8,TRUE,0.901067
58bc819ae4b0d23e37737a02,TRUE,0.656047
58bc1a9ee4b0d23e37736cf9,TRUE,0.634372
58bc4a70e4b0d23e3773730e,TRUE,0.969389
58bc3218e4b0d23e3773700e,TRUE,0.961847
58bb4e93e4b0d23e377366b1,TRUE,0.913931
58bb0bd8e4b0d23e377361b0,TRUE,0.52687
58bc920ce4b0d23e37737bf9,TRUE,0.986088
58bc173de4b0d23e37736c85,TRUE,0.881567
58bc475fe4b0d23e377372a4,TRUE,0.875839
58abad50e4b08c6e1ec0aa21,TRUE,0.950856
58b85b91e4b0d23e37735224,FALSE,0.186761
58bcac43e4b0d23e37737edc,FALSE,0.185383
58badd1ee4b0d23e37735d72,TRUE,0.991741
58bc45afe4b0d23e37737269,TRUE,0.869572
58bc0b06e4b0d23e37736b97,TRUE,0.859034
58bd8b25e4b0d23e37738753,TRUE,0.98574
589cff32e4b0314ab22f92ef,TRUE,0.961843
58bc5014e4b0d23e377373b4,TRUE,0.920466
58bc34d3e4b0d23e3773706b,TRUE,0.962409
58a0c573e4b0314ab22f9844,TRUE,0.749307
58bc38a0e4b0d23e377370f1,TRUE,0.98656
58bb3327e4b0d23e377364ef,TRUE,0.902281
58bcac97e4b0d23e37737ee9,TRUE,0.520185
58bc380be4b0d23e377370d2,FALSE,0.237971
58bc3851e4b0d23e377370e2,TRUE,0.723853
58bc7190e4b0d23e377377e6,TRUE,0.990654
58bc16c8e4b0d23e37736c78,TRUE,0.950463
58bc33d1e4b0d23e37737046,TRUE,0.842936
58be2683e4b0d23e377392ab,FALSE,0.452836
58bc1ebee4b0d23e37736d85,TRUE,0.878575
58bc31c7e4b0d23e37737007,TRUE,0.887289
58bc2e39e4b0d23e37736f6b,TRUE,0.932699
58bc6339e4b0d23e37737616,FALSE,0.43915
58bd7577e4b0d23e37738627,TRUE,0.906581
58bc087de4b0d23e37736b7f,TRUE,0.871838
58bc3840e4b0d23e377370df,TRUE,0.988614
58bc2d1ae4b0d23e37736f43,TRUE,0.917675
58bd60b3e4b0d23e37738501,TRUE,0.974227
58bade82e4b0d23e37735d90,TRUE,0.899885
58bc2abce4b0d23e37736f02,TRUE,0.993972
58bc0852e4b0d23e37736b7d,TRUE,0.868705
58b338fde4b0eec3bce0054a,TRUE,0.865687
58bdcdfae4b0d23e37738c28,TRUE,0.752307
58c47264e4b06d16e3cd34ca,TRUE,0.973801
58bc20a0e4b0d23e37736db5,TRUE,0.925118
58bdb218e4b0d23e377389f6,TRUE,0.978893
58bc899de4b0d23e37737aed,TRUE,0.787175
589922cee4b05f998de95ddf,TRUE,0.819968
58bc2421e4b0d23e37736e1c,TRUE,0.722796
58b2d529e4b0eec3bce0042e,FALSE,0.470578
58aec2d6e4b068eafab0c775,TRUE,0.90578
58bca562e4b0d23e37737e2b,FALSE,0.458215
58bdbed0e4b0d23e37738b0e,TRUE,0.584793
58bd8bfde4b0d23e37738764,TRUE,0.675779
58c04a59e4b0d23e3773a23d,TRUE,0.893034
58bcbeaae4b0d23e377380b4,TRUE,0.706172
58bb20bce4b0d23e37736369,FALSE,0.232504
58bbb14be4b0d23e37736ae7,FALSE,0.439988
58bd00efe4b0d23e377383ea,TRUE,0.995388
58bda7b8e4b0d23e37738961,TRUE,0.925581
58bc7d2ee4b0d23e37737962,TRUE,0.875197
58bc641fe4b0d23e3773762e,TRUE,0.697314
58bc110de4b0d23e37736c06,TRUE,0.970342
58bd6554e4b0d23e3773853d,TRUE,0.839861
58bc0d19e4b0d23e37736bb9,TRUE,0.677876
58bc0c2ce4b0d23e37736ba8,TRUE,0.872465
58bbcb04e4b0d23e37736b0d,TRUE,0.940858
58bc0740e4b0d23e37736b73,FALSE,0.169229
58bc02a7e4b0d23e37736b5b,TRUE,0.926684
58bbbae2e4b0d23e37736aee,FALSE,0.490811
58bb91e1e4b0d23e37736a60,TRUE,0.990764
58bb4135e4b0d23e377365fd,TRUE,0.923117
58bb77cfe4b0d23e37736962,TRUE,0.975095
58bb0f88e4b0d23e377361f3,TRUE,0.818849
58bc1e07e4b0d23e37736d73,TRUE,0.948693
58bb740be4b0d23e37736920,TRUE,0.91715
58be0fb0e4b0d23e37739171,TRUE,0.901544
58b6ff80e4b0d23e37734f08,TRUE,0.988586
58bc615ee4b0d23e377375ed,TRUE,0.889723
58b85b67e4b0d23e37735222,TRUE,0.976622
58a70a40e4b0fe09880450bb,TRUE,0.701684
58baddc4e4b0d23e37735d88,TRUE,0.888923
58bdf9a5e4b0d23e37738fc4,TRUE,0.988625
58bafe4ce4b0d23e377360a6,FALSE,0.421649
58bb28e3e4b0d23e3773640d,TRUE,0.957826
58bded88e4b0d23e37738ec6,TRUE,0.990304
58ba10cde4b0d23e37735a26,TRUE,0.840626
58987743e4b05f998de95cf6,FALSE,0.420024
58bb7389e4b0d23e37736916,TRUE,0.820516
58bc729de4b0d23e37737806,TRUE,0.968466
58bc9328e4b0d23e37737c12,TRUE,0.734036
58bb7ae9e4b0d23e37736994,TRUE,0.882814
58bb7b83e4b0d23e3773699f,TRUE,0.94426
58bb749ee4b0d23e3773692a,TRUE,0.810017
58b197a2e4b0eec3bce001ad,TRUE,0.893423
58bc1f1ae4b0d23e37736d92,TRUE,0.616685
58bb65ece4b0d23e37736842,TRUE,0.970001
58cf2395e4b06d16e3cd8425,FALSE,0.195285
58b9ce6ce4b0d23e377357a2,TRUE,0.970241
58b06067e4b05f7a051930c1,TRUE,0.920769
58bb63a6e4b0d23e37736812,TRUE,0.767819
58bca3c0e4b0d23e37737e08,TRUE,0.898902
588cff7ee4b090cf9c5a462a,FALSE,0.436753
58a24f9be4b0314ab22f9af4,TRUE,0.966141
58bb3b92e4b0d23e37736591,TRUE,0.957018
58bae2d3e4b0d23e37735dfe,TRUE,0.552707
58bb1938e4b0d23e377362db,TRUE,0.933836
58bb1b00e4b0d23e377362fe,TRUE,0.994659
58b9afd5e4b0d23e377355ae,TRUE,0.700645
58ad4e3be4b08c6e1ec0ac61,FALSE,0.189577
58bb56cee4b0d23e37736723,TRUE,0.670787
58bb590de4b0d23e37736740,TRUE,0.608895
58bc85d9e4b0d23e37737a84,TRUE,0.950056
58bdb0ffe4b0d23e377389e4,TRUE,0.985891
58be173be4b0d23e377391ef,TRUE,0.8923
58bd51f1e4b0d23e37738473,TRUE,0.810654
58a0288de4b0314ab22f9786,TRUE,0.642583
58baeec9e4b0d23e37735f07,TRUE,0.581167
58bcdc5ae4b0d23e377382d5,TRUE,0.930434
58bb9e22e4b0d23e37736aac,TRUE,0.990127
58bb5f1ce4b0d23e377367ba,TRUE,0.965169
58bd6104e4b0d23e37738507,TRUE,0.893131
58bb3b97e4b0d23e37736592,FALSE,0.242901
58bb459ce4b0d23e3773663d,TRUE,0.975012
58b3f958e4b0eec3bce006c6,TRUE,0.966017
58bc997be4b0d23e37737cdf,TRUE,0.968711
58b209bde4b0eec3bce00338,TRUE,0.927766
58badbc1e4b0d23e37735d48,TRUE,0.980912
58bb61d9e4b0d23e377367f3,TRUE,0.962087
58bb259ae4b0d23e377363ba,TRUE,0.982916
58bb19b5e4b0d23e377362e4,TRUE,0.868248
58bdd64de4b0d23e37738ccb,TRUE,0.681771
58bc498be4b0d23e377372ec,TRUE,0.986352
58b9c7f4e4b0d23e37735745,TRUE,0.95843
58bb5d8fe4b0d23e377367a5,FALSE,0.334438
58baeea7e4b0d23e37735f04,TRUE,0.579745
58bb396de4b0d23e37736563,FALSE,0.390996
58bb1157e4b0d23e3773622d,FALSE,0.275498
58bb7beae4b0d23e377369a4,TRUE,0.808418
58bb9352e4b0d23e37736a6e,TRUE,0.948848
58bb210ee4b0d23e3773636c,TRUE,0.906595
58b3f93ae4b0eec3bce006c5,TRUE,0.920766
58bb251de4b0d23e377363ab,TRUE,0.653253
58c098e1e4b0d23e3773a617,TRUE,0.973455
58bc951de4b0d23e37737c49,TRUE,0.99478
58bce622e4b0d23e37738335,TRUE,0.874771
58bb7cb9e4b0d23e377369aa,FALSE,0.447512
58bae101e4b0d23e37735dc9,TRUE,0.518248
58bb187ee4b0d23e377362c8,TRUE,0.821746
58854746e4b04c4484df0857,TRUE,0.959106
58bb7fd0e4b0d23e377369d0,TRUE,0.993703
58bb134be4b0d23e3773624f,TRUE,0.963104
58bd871fe4b0d23e37738718,TRUE,0.887232
5892b225e4b018a8bfc28869,TRUE,0.963845
58ba1358e4b0d23e37735a4c,TRUE,0.976776
58bb168de4b0d23e377362a1,TRUE,0.717503
58bb14cce4b0d23e3773627b,TRUE,0.958127
58bc7edee4b0d23e3773799d,TRUE,0.951128
58b82a03e4b0d23e377351b5,TRUE,0.851665
58b8143fe4b0d23e37735177,TRUE,0.827996
58ba59cbe4b0d23e37735bd1,TRUE,0.904228
58bb5c12e4b0d23e3773677b,TRUE,0.948435
58b3bf0de4b0eec3bce006a3,TRUE,0.896466
5884d320e4b04c4484df07da,TRUE,0.805138
58bc1866e4b0d23e37736ca5,FALSE,0.460009
58baf71be4b0d23e37735ff3,TRUE,0.938236
58bb1659e4b0d23e3773629e,TRUE,0.977291
58bb0692e4b0d23e3773612c,TRUE,0.920085
58ba66b3e4b0d23e37735bd7,FALSE,0.411438
589c2998e4b05f998de96154,FALSE,0.132353
58964ad0e4b05f998de95a15,TRUE,0.898475
58bafc22e4b0d23e3773606d,TRUE,0.722483
58a5e971e4b0314ab22f9e67,FALSE,0.222967
58bb0777e4b0d23e3773613f,TRUE,0.956264
58baf2ade4b0d23e37735f7f,TRUE,0.960961
58a41ec8e4b0314ab22f9cad,TRUE,0.98897
58baf64ee4b0d23e37735fe4,TRUE,0.512409
58bb69d1e4b0d23e37736872,TRUE,0.984899
58baeb2be4b0d23e37735eb3,TRUE,0.929295
5897908de4b05f998de95c05,TRUE,0.968272
58bc958be4b0d23e37737c61,TRUE,0.970145
58baf29ce4b0d23e37735f7d,TRUE,0.804515
58be1734e4b0d23e377391ed,TRUE,0.744682
58978e04e4b05f998de95bff,TRUE,0.996328
58b9f59de4b0d23e37735919,FALSE,0.341861
58ba1a9de4b0d23e37735a99,TRUE,0.61832
58baefd8e4b0d23e37735f38,TRUE,0.843679
58b0a38de4b05f7a0519314a,TRUE,0.889733
588f77a7e4b090cf9c5a47cc,TRUE,0.736561
58b74a37e4b0d23e37734fdd,FALSE,0.377011
58af8511e4b068eafab0c887,TRUE,0.813696
58badef6e4b0d23e37735d9a,FALSE,0.421873
58baef58e4b0d23e37735f26,FALSE,0.463173
58baed84e4b0d23e37735ee4,TRUE,0.964237
58b9b6cde4b0d23e3773562b,TRUE,0.912659
58baf6c1e4b0d23e37735feb,TRUE,0.791741
58bada44e4b0d23e37735d16,TRUE,0.697656
58bcd4e3e4b0d23e37738282,TRUE,0.978104
5896ab49e4b05f998de95afd,TRUE,0.778938
58bac419e4b0d23e37735c30,FALSE,0.184928
58b1dddae4b0eec3bce0028e,TRUE,0.864656
587685a3e4b0087d2c8a0709,TRUE,0.910224
58bae219e4b0d23e37735de8,TRUE,0.577161
58b9df36e4b0d23e3773585d,TRUE,0.961333
58b76bc3e4b0d23e3773504e,FALSE,0.286335
58af8dcce4b068eafab0c897,TRUE,0.920153
58afb231e4b068eafab0c8d4,TRUE,0.984561
58b72cb5e4b0d23e37734f66,TRUE,0.976242
58b81c1be4b0d23e3773518c,TRUE,0.881048
58adb6d5e4b068eafab0c671,FALSE,0.397907
587135b3e4b0e80f9e3c24f1,TRUE,0.815992
58bdfa84e4b0d23e37738fdf,TRUE,0.921176
58a023a3e4b0314ab22f977b,TRUE,0.576955
58bc7333e4b0d23e3773781b,TRUE,0.947046
58bae052e4b0d23e37735db2,TRUE,0.991314
58bb928fe4b0d23e37736a67,TRUE,0.870103
58bae1a3e4b0d23e37735dd6,FALSE,0.399612
58bc9217e4b0d23e37737bfa,TRUE,0.842421
58b3545ce4b0eec3bce005b5,TRUE,0.877163
58b660b7e4b0d23e37734dd7,TRUE,0.684001
58b4b739e4b0d23e37734a5b,FALSE,0.0477612
58bae054e4b0d23e37735db3,TRUE,0.523583
58a3a207e4b0314ab22f9c43,FALSE,0.48871
58baeb33e4b0d23e37735eb4,TRUE,0.851274
58a83eb5e4b0fe09880451f7,TRUE,0.886538
58bb2308e4b0d23e37736388,TRUE,0.967437
58badbc8e4b0d23e37735d4c,TRUE,0.965399
58b5ff2de4b0d23e37734cbd,TRUE,0.990389
58a71311e4b0fe09880450c3,TRUE,0.813287
58b9a94ae4b0d23e3773553f,TRUE,0.934031
58b475dbe4b0eec3bce0085a,TRUE,0.849741
58cf6b96e4b06d16e3cd85df,TRUE,0.796409
58bae77de4b0d23e37735e74,TRUE,0.762559
58bad464e4b0d23e37735ca7,TRUE,0.899713
58a8d1afe4b0fe098804535c,FALSE,0.133103
58ba0099e4b0d23e37735988,TRUE,0.824952
58b9bcb3e4b0d23e3773569a,TRUE,0.943429
58b22a1fe4b0eec3bce00381,TRUE,0.9465
58b769f2e4b0d23e37735049,TRUE,0.864286
58704d39e4b0e80f9e3c24cd,TRUE,0.949261
58bab926e4b0d23e37735c01,TRUE,0.786564
58b4ae49e4b0d23e37734a3d,TRUE,0.672688
58baa2f2e4b0d23e37735be8,TRUE,0.989539
58a0238ee4b0314ab22f977a,TRUE,0.715098
58b9ed5ae4b0d23e377358da,TRUE,0.982481
58b9ec11e4b0d23e377358c4,TRUE,0.947883
58a89fa3e4b0fe09880452c7,TRUE,0.895685
58b6f326e4b0d23e37734ee5,TRUE,0.691095
58b9b36ae4b0d23e377355fd,TRUE,0.773137
58bb1e62e4b0d23e3773633b,TRUE,0.557276
58bc8aace4b0d23e37737b22,TRUE,0.950709
5871c15de4b0e80f9e3c252a,TRUE,0.942771
58ba0c24e4b0d23e377359ec,TRUE,0.974715
58bb3317e4b0d23e377364ee,TRUE,0.968012
58a44989e4b0314ab22f9cc0,TRUE,0.590169
58ba1b24e4b0d23e37735a9f,TRUE,0.925775
58b7a449e4b0d23e3773510a,TRUE,0.948268
58ba0bdce4b0d23e377359ea,TRUE,0.706285
58add176e4b068eafab0c689,TRUE,0.965181
58bac38ee4b0d23e37735c2a,TRUE,0.960171
58b50612e4b0d23e37734b59,TRUE,0.746819
58b8874de4b0d23e377352cd,TRUE,0.898434
58b9b010e4b0d23e377355b2,TRUE,0.800443
58b50405e4b0d23e37734b4c,TRUE,0.924568
58b0b72ee4b05f7a0519318f,TRUE,0.645924
58b9b496e4b0d23e37735611,TRUE,0.923903
58af387ce4b068eafab0c7fb,TRUE,0.797983
58914831e4b090cf9c5a4953,TRUE,0.967758
58b73469e4b0d23e37734f83,TRUE,0.579888
58b1d345e4b0eec3bce00274,FALSE,0.288814
58ba2b60e4b0d23e37735b08,TRUE,0.936702
58b8cf0fe4b0d23e377353f6,FALSE,0.206097
58ba34fce4b0d23e37735b32,TRUE,0.978886
58c5baeee4b06d16e3cd409f,TRUE,0.926443
58a88473e4b0fe098804528b,TRUE,0.59099
58a76eb4e4b0fe0988045154,TRUE,0.888177
58b4a01ae4b0d23e37734a11,TRUE,0.945015
58bccf78e4b0d23e377381fe,TRUE,0.654816
58af7c56e4b068eafab0c86c,TRUE,0.984791
58b9b181e4b0d23e377355ce,FALSE,0.43303
58bb5333e4b0d23e377366ed,TRUE,0.583116
58a08975e4b0314ab22f97c3,TRUE,0.979557
58bb41e4e4b0d23e37736603,TRUE,0.616967
58979b2be4b05f998de95c13,TRUE,0.588268
58ba0791e4b0d23e377359c7,FALSE,0.462293
58bb7ceee4b0d23e377369ac,FALSE,0.467214
58bdf74ee4b0d23e37738f8a,TRUE,0.784829
58b079d5e4b05f7a051930e1,TRUE,0.778316
58bdf365e4b0d23e37738f41,TRUE,0.991916
58ab79fee4b08c6e1ec0a9be,TRUE,0.87608
58b726b3e4b0d23e37734f58,TRUE,0.967179
58b22896e4b0eec3bce0037b,TRUE,0.91553
58ba03eae4b0d23e377359b8,TRUE,0.90854
58bc93a5e4b0d23e37737c1e,TRUE,0.847573
58bb3af2e4b0d23e37736586,TRUE,0.938302
58951e23e4b05f998de95884,TRUE,0.968572
58b806eae4b0d23e37735165,TRUE,0.926839
58b99c73e4b0d23e37735511,TRUE,0.929987
58b8f08be4b0d23e37735446,TRUE,0.976305
58797e74e4b0d1a74fe8d514,TRUE,0.686004
58aa3199e4b0fe0988045537,FALSE,0.386296
58b9d883e4b0d23e37735828,TRUE,0.995485
58b8d104e4b0d23e37735402,TRUE,0.918805
58bc486ee4b0d23e377372c6,TRUE,0.510647
58b82550e4b0d23e377351ad,TRUE,0.918737
58a76f17e4b0fe0988045156,TRUE,0.705368
58bbbde0e4b0d23e37736af5,TRUE,0.956339
58a0a3cfe4b0314ab22f97f5,TRUE,0.969584
58b9b91ae4b0d23e37735653,TRUE,0.900341
58a83e17e4b0fe09880451f5,TRUE,0.65932
58bc1c4fe4b0d23e37736d32,TRUE,0.649787
589a94d4e4b05f998de95fcd,TRUE,0.677462
58ac9fd7e4b08c6e1ec0ab3b,TRUE,0.899655
58ba1beee4b0d23e37735aa8,TRUE,0.882393
58c1aa95e4b06d16e3cd1a9c,TRUE,0.68649
58b9c435e4b0d23e37735716,TRUE,0.917128
58baf646e4b0d23e37735fe3,TRUE,0.920912
58a84ac1e4b0fe0988045214,TRUE,0.938298
58c1ae33e4b06d16e3cd1abf,TRUE,0.872758
58b9cd9de4b0d23e37735795,TRUE,0.961116
58b4a7e6e4b0d23e37734a2c,FALSE,0.453886
58bc7e2ae4b0d23e37737987,TRUE,0.983712
58b9be7de4b0d23e377356bb,TRUE,0.926872
58b8ca86e4b0d23e377353dd,TRUE,0.97079
58b9b7c8e4b0d23e37735638,FALSE,0.262364
58759c5be4b0087d2c8a06d3,TRUE,0.917974
58aa12e8e4b0fe09880454f9,TRUE,0.98075
58b9f26ae4b0d23e3773590c,FALSE,0.435098
58b9b61ae4b0d23e37735627,FALSE,0.477491
58bda9a9e4b0d23e37738975,TRUE,0.896346
589fa25ae4b0314ab22f969b,TRUE,0.853021
58be1c40e4b0d23e37739239,FALSE,0.145319
58b65ec5e4b0d23e37734dd3,TRUE,0.862376
58b82af6e4b0d23e377351bd,TRUE,0.621528
58bb5ba7e4b0d23e3773676e,TRUE,0.888513
58b71fe8e4b0d23e37734f3f,TRUE,0.646172
58a0deb9e4b0314ab22f9906,TRUE,0.952629
58b138c0e4b0eec3bce00169,FALSE,0.434878
58aa03bae4b0fe09880454d8,TRUE,0.944245
588d57b2e4b090cf9c5a4671,TRUE,0.870777
588a5720e4b090cf9c5a4479,TRUE,0.783648
58a7844be4b0fe0988045177,TRUE,0.991326
58bb3db0e4b0d23e377365b6,TRUE,0.983772
58ba187ae4b0d23e37735a84,TRUE,0.964237
58b1ba33e4b0eec3bce00213,TRUE,0.911169
58b7e2fde4b0d23e37735131,TRUE,0.595542
58b9b95ee4b0d23e37735656,TRUE,0.98926
58b9bed7e4b0d23e377356c4,FALSE,0.262381
58ae3931e4b068eafab0c725,TRUE,0.954006
58b2c10ee4b0eec3bce00420,TRUE,0.823318
58bd49dfe4b0d23e3773844e,TRUE,0.855819
58b4cc20e4b0d23e37734aaf,TRUE,0.665541
58b4f366e4b0d23e37734b38,TRUE,0.830615
58b6e2b4e4b0d23e37734ea5,TRUE,0.918364
58b506a1e4b0d23e37734b5c,TRUE,0.98352
58b8c668e4b0d23e377353ca,TRUE,0.819044
58b2e64fe4b0eec3bce0043b,TRUE,0.58392
58be413fe4b0d23e377393a7,TRUE,0.838555
586eca93e4b0e80f9e3c23d5,TRUE,0.956613
58a0c598e4b0314ab22f9845,TRUE,0.84835
58b99c34e4b0d23e3773550f,TRUE,0.882882
58a1dabee4b0314ab22f9a12,FALSE,0.439075
58b38e1be4b0eec3bce00660,FALSE,0.300334
58bd723de4b0d23e377385fb,TRUE,0.707989
589562ebe4b05f998de95901,TRUE,0.901504
5893a88be4b018a8bfc288e0,TRUE,0.918484
58b8d2c7e4b0d23e3773540c,TRUE,0.978307
58bad7b5e4b0d23e37735cdd,TRUE,0.77625
58b6ef56e4b0d23e37734edb,FALSE,0.260464
589bbe7ee4b05f998de96107,FALSE,0.227557
58b9ab91e4b0d23e3773555c,TRUE,0.867793
58977c2be4b05f998de95bd8,TRUE,0.956978
58afa741e4b068eafab0c8c4,TRUE,0.797769
58b9c326e4b0d23e37735702,TRUE,0.95229
58b0c39fe4b0eec3bce000fa,TRUE,0.606006
58a4ebf3e4b0314ab22f9db7,TRUE,0.823703
58ab8fcae4b08c6e1ec0a9e5,TRUE,0.739538
58ba1b4ce4b0d23e37735aa1,TRUE,0.918389
58b3101ce4b0eec3bce004a4,TRUE,0.922816
58bb713ae4b0d23e377368f4,TRUE,0.989172
58a38b8be4b0314ab22f9c28,TRUE,0.938215
589b0debe4b05f998de96000,TRUE,0.970276
58b33d32e4b0eec3bce0055c,TRUE,0.781133
58b1c4f0e4b0eec3bce00245,TRUE,0.930942
58b18caae4b0eec3bce00192,TRUE,0.97163
58b64bdde4b0d23e37734dc2,TRUE,0.907517
58a243f7e4b0314ab22f9adc,TRUE,0.955739
58b2ebdee4b0eec3bce00448,TRUE,0.953743
58b1a4f8e4b0eec3bce001db,TRUE,0.931027
58ac79b3e4b08c6e1ec0aaf7,TRUE,0.881656
58bbac41e4b0d23e37736ada,TRUE,0.82851
58aca6a1e4b08c6e1ec0ab42,TRUE,0.946578
58a8de80e4b0fe098804537f,TRUE,0.662015
58a0eed1e4b0314ab22f9931,TRUE,0.922418
58b63709e4b0d23e37734d92,TRUE,0.933558
58b78e4ce4b0d23e377350cc,FALSE,0.418282
58acf048e4b08c6e1ec0abff,TRUE,0.667517
58b46c70e4b0eec3bce00840,TRUE,0.873923
589a76bae4b05f998de95f85,TRUE,0.606838
58b24f67e4b0eec3bce003d2,TRUE,0.608739
58bb1cdfe4b0d23e37736325,TRUE,0.987367
58b790d6e4b0d23e377350d0,TRUE,0.771092
58b7060ae4b0d23e37734f13,TRUE,0.966073
58bae260e4b0d23e37735df1,TRUE,0.987167
58771ec4e4b0087d2c8a07a8,TRUE,0.956962
58af7571e4b068eafab0c84c,FALSE,0.381753
58bb476de4b0d23e3773665c,TRUE,0.542454
586acfeee4b09266b0cab3a1,TRUE,0.758184
58b6e6c9e4b0d23e37734eb2,TRUE,0.819618
58b46bcae4b0eec3bce0083e,TRUE,0.889992
5876e7f4e4b0087d2c8a0775,TRUE,0.763671
58952770e4b05f998de958a2,TRUE,0.925897
58bc36a9e4b0d23e37737097,TRUE,0.952195
58bb796ae4b0d23e3773697a,TRUE,0.805093
58b6c181e4b0d23e37734e1f,TRUE,0.822553
58b2d5e8e4b0eec3bce00430,TRUE,0.901893
589b5084e4b05f998de96070,FALSE,0.379905
58b1db58e4b0eec3bce00287,TRUE,0.958591
58b3570de4b0eec3bce005c6,TRUE,0.568509
58ae07b2e4b068eafab0c6e2,TRUE,0.75165
58b61f42e4b0d23e37734d4c,FALSE,0.287782
58b75515e4b0d23e3773500a,TRUE,0.79875
589e1b07e4b0314ab22f9462,TRUE,0.929552
58a4e22de4b0314ab22f9dae,TRUE,0.924583
58912564e4b090cf9c5a492a,TRUE,0.737906
58b1c2cee4b0eec3bce00236,TRUE,0.91534
58b1c144e4b0eec3bce0022b,TRUE,0.628462
58c39f45e4b06d16e3cd2d93,TRUE,0.924733
5896618de4b05f998de95a6a,TRUE,0.87406
58ac6936e4b08c6e1ec0aac6,TRUE,0.780359
58b1c507e4b0eec3bce00247,TRUE,0.642073
587811e0e4b0d1a74fe8d438,TRUE,0.983247
587d817be4b068f9da392961,FALSE,0.472147
5877ac24e4b0d1a74fe8d3c1,TRUE,0.98482
58b09d41e4b05f7a05193127,TRUE,0.922189
589d0be3e4b0314ab22f930f,TRUE,0.940921
58abc939e4b08c6e1ec0aa38,TRUE,0.873421
58a02ca0e4b0314ab22f9791,TRUE,0.687867
58819f78e4b04c4484df0658,TRUE,0.629569
58a0df71e4b0314ab22f990b,FALSE,0.353138
588fd2f0e4b090cf9c5a483f,TRUE,0.987475
58ae70cae4b068eafab0c752,FALSE,0.45105
58bae216e4b0d23e37735de7,TRUE,0.853755
58ab55e0e4b08c6e1ec0a953,TRUE,0.902303
58af384de4b068eafab0c7f8,TRUE,0.75149
5871c13de4b0e80f9e3c2528,TRUE,0.895625
589fe01ee4b0314ab22f9722,FALSE,0.163947
58ba0b74e4b0d23e377359e4,TRUE,0.802784
58a2864ee4b0314ab22f9b49,TRUE,0.689661
58960f78e4b05f998de95962,TRUE,0.728646
58b492cde4b0d23e377349f1,TRUE,0.745329
58b87543e4b0d23e37735282,TRUE,0.804161
58b7266ce4b0d23e37734f56,FALSE,0.25565
58ba6d83e4b0d23e37735bd9,TRUE,0.769956
58a0f97de4b0314ab22f994c,TRUE,0.878846
58ba469ae4b0d23e37735b6c,TRUE,0.968323
5887f5dfe4b05f73db0779c4,TRUE,0.984932
5899c20fe4b05f998de95e9a,TRUE,0.745172
58ab7076e4b08c6e1ec0a993,TRUE,0.628047
58ad2cebe4b08c6e1ec0ac5d,FALSE,0.447908
58aa16ace4b0fe0988045501,TRUE,0.953796
58ac9651e4b08c6e1ec0ab26,TRUE,0.805905
589d050ce4b0314ab22f92fb,TRUE,0.758211
58b47355e4b0eec3bce00852,TRUE,0.876386
587588b0e4b0087d2c8a06cc,TRUE,0.824507
58968286e4b05f998de95ac2,TRUE,0.56773
58b32f94e4b0eec3bce00502,TRUE,0.740732
5895272de4b05f998de9589f,TRUE,0.941322
58a5183be4b0314ab22f9deb,TRUE,0.919594
58a0b585e4b0314ab22f982a,TRUE,0.914355
58aa0a9ce4b0fe09880454e7,TRUE,0.717779
587bdffee4b0d1a74fe8d638,TRUE,0.615373
58b63d06e4b0d23e37734da9,TRUE,0.610912
58a06cabe4b0314ab22f97a3,TRUE,0.947235
58a6f342e4b0314ab22f9f96,TRUE,0.986924
58a00189e4b0314ab22f9764,TRUE,0.936952
586ff657e4b0e80f9e3c2459,FALSE,0.413405
58a88a15e4b0fe0988045296,TRUE,0.791788
58990365e4b05f998de95d98,TRUE,0.996758
58a679f4e4b0314ab22f9f7b,TRUE,0.753645
58aa6d80e4b0fe098804559a,FALSE,0.210785
58b465c8e4b0eec3bce00831,FALSE,0.491971
58b078efe4b05f7a051930dc,TRUE,0.971406
58797aece4b0d1a74fe8d508,FALSE,0.26565
5894e08be4b05f998de95835,TRUE,0.916715
589f588fe4b0314ab22f95f7,TRUE,0.683399
58a9ad21e4b0fe0988045415,TRUE,0.888007
58b4b0ebe4b0d23e37734a43,TRUE,0.912856
58afaef6e4b068eafab0c8d2,TRUE,0.989471
589393fde4b018a8bfc288c4,TRUE,0.888241
5876f60fe4b0087d2c8a0792,FALSE,0.320166
586d7924e4b00ce8c12e99f1,TRUE,0.525638
58a116afe4b0314ab22f998f,TRUE,0.855969
58ac9c7be4b08c6e1ec0ab34,TRUE,0.593459
589a686fe4b05f998de95f69,TRUE,0.94539
58b333bbe4b0eec3bce00517,TRUE,0.974164
58b3334ee4b0eec3bce0050f,TRUE,0.71946
58b38ad0e4b0eec3bce00658,TRUE,0.642622
58a8ae16e4b0fe09880452de,FALSE,0.379783
589b0dd4e4b05f998de95fff,TRUE,0.941563
589d043ae4b0314ab22f92f8,TRUE,0.961656
58ac6fd1e4b08c6e1ec0aae0,FALSE,0.497883
58aa54d9e4b0fe0988045582,TRUE,0.95539
586ecbb2e4b0e80f9e3c23d6,TRUE,0.75685
589941a3e4b05f998de95e39,TRUE,0.958737
5897c887e4b05f998de95c7c,TRUE,0.833488
58a3275ae4b0314ab22f9ba5,TRUE,0.511533
589a7832e4b05f998de95f89,TRUE,0.566317
589d250fe4b0314ab22f934c,TRUE,0.68371
588d0c7de4b090cf9c5a4635,TRUE,0.970904
58b1be06e4b0eec3bce0021b,FALSE,0.131972
58a861dde4b0fe098804524b,TRUE,0.915143
58a8b15ee4b0fe09880452e9,TRUE,0.720721
5897f81de4b05f998de95cc2,FALSE,0.433426
589a4f6de4b05f998de95f38,FALSE,0.439442
589d0b70e4b0314ab22f930c,TRUE,0.976449
58a8c94fe4b0fe0988045331,TRUE,0.543503
5893a971e4b018a8bfc288e5,FALSE,0.394967
5876dc5fe4b0087d2c8a0765,TRUE,0.946305
588264ece4b04c4484df0676,TRUE,0.851462
58b4ccd1e4b0d23e37734ab2,TRUE,0.918597
58950292e4b05f998de9585d,TRUE,0.951374
589d23e9e4b0314ab22f934a,TRUE,0.573407
58b0cd76e4b0eec3bce00108,TRUE,0.504129
58a6fe10e4b0fe0988045099,TRUE,0.864505
58a86096e4b0fe0988045244,TRUE,0.646644
5894a9a1e4b05f998de957e4,TRUE,0.957257
58a0dd14e4b0314ab22f9904,TRUE,0.79633
588e5642e4b090cf9c5a46f3,FALSE,0.47898
58953aa9e4b05f998de958c5,FALSE,0.173019
58ad1daee4b08c6e1ec0ac55,FALSE,0.485651
58a23d6ce4b0314ab22f9ad1,TRUE,0.741422
58b7f6d8e4b0d23e37735144,TRUE,0.935672
58953efbe4b05f998de958d0,FALSE,0.460148
588bf009e4b090cf9c5a459e,TRUE,0.967987
589667b8e4b05f998de95a7e,TRUE,0.936349
58b74154e4b0d23e37734fc7,TRUE,0.830065
58b41ae6e4b0eec3bce006f1,TRUE,0.940262
58924cf4e4b018a8bfc28801,TRUE,0.89973
58b33682e4b0eec3bce00526,TRUE,0.659894
588a632ae4b090cf9c5a4486,TRUE,0.887563
5897ddc0e4b05f998de95c9b,TRUE,0.529085
589a6110e4b05f998de95f55,TRUE,0.988403
588a1abde4b090cf9c5a4425,TRUE,0.991629
58694160e4b09266b0cab347,TRUE,0.941695
588c1176e4b090cf9c5a45b3,FALSE,0.382609
588fb5b1e4b090cf9c5a4806,TRUE,0.949021
58ace740e4b08c6e1ec0abed,TRUE,0.68785
587ae0d1e4b0d1a74fe8d5e7,TRUE,0.88628
5884cceee4b04c4484df07d5,TRUE,0.93336
588e3685e4b090cf9c5a46c6,TRUE,0.977804
586ee1a9e4b0e80f9e3c23e5,TRUE,0.866288
58825f6ce4b04c4484df066c,TRUE,0.626217
58b1d788e4b0eec3bce0027b,TRUE,0.84734
58bccea4e4b0d23e377381f2,TRUE,0.798247
5890e295e4b090cf9c5a48dd,TRUE,0.984638
5899351ce4b05f998de95e27,TRUE,0.975643
589934a1e4b05f998de95e21,TRUE,0.959659
589ffb07e4b0314ab22f9753,TRUE,0.756695
588bdaa7e4b090cf9c5a4589,TRUE,0.980254
58a8f383e4b0fe098804539a,TRUE,0.67402
58a4f277e4b0314ab22f9dbf,TRUE,0.862874
588cc12be4b090cf9c5a45e1,TRUE,0.873865
589b2751e4b05f998de96011,TRUE,0.976855
587cc87ce4b0d1a74fe8d6a1,TRUE,0.948943
58b7f637e4b0d23e37735140,TRUE,0.935293
58829c23e4b04c4484df06a3,TRUE,0.751766
58b4c6b1e4b0d23e37734a9a,TRUE,0.88673
58a11e6de4b0314ab22f999a,TRUE,0.768491
58a10c34e4b0314ab22f997f,FALSE,0.301305
588b94c7e4b090cf9c5a4539,TRUE,0.812768
587eb977e4b03e3ebfd77e61,TRUE,0.678302
588e5bafe4b090cf9c5a46fc,TRUE,0.842707
587959ace4b0d1a74fe8d4e8,TRUE,0.953433
589a60a9e4b05f998de95f54,TRUE,0.972192
5872bbe2e4b0e80f9e3c2579,TRUE,0.714026
588a8d98e4b090cf9c5a4495,TRUE,0.751112
58b9cbd5e4b0d23e37735784,TRUE,0.974154
58b624bde4b0d23e37734d63,TRUE,0.995119
58964420e4b05f998de95a05,FALSE,0.24497
588befb8e4b090cf9c5a459d,TRUE,0.902996
58bb61e5e4b0d23e377367f5,TRUE,0.553768
5878fda3e4b0d1a74fe8d49d,TRUE,0.930918
58b330cde4b0eec3bce00507,TRUE,0.961061
587fa06fe4b03e3ebfd77ee3,TRUE,0.824925
5885558ae4b04c4484df0864,TRUE,0.756277
588ba4b3e4b090cf9c5a454a,TRUE,0.545666
58ab93cfe4b08c6e1ec0a9eb,TRUE,0.84592
5898e58be4b05f998de95d74,FALSE,0.347504
588abcfae4b090cf9c5a44b6,TRUE,0.726533
58b9c449e4b0d23e37735719,TRUE,0.932012
587c3906e4b0d1a74fe8d67a,TRUE,0.916892
58ab9884e4b08c6e1ec0a9f5,FALSE,0.364024
58802ef6e4b03e3ebfd77f31,TRUE,0.966977
587be586e4b0d1a74fe8d63c,TRUE,0.938915
58a10ac6e4b0314ab22f997e,TRUE,0.973934
587d67f2e4b068f9da39293c,TRUE,0.802173
5885376be4b04c4484df083f,TRUE,0.964419
587bc56ce4b0d1a74fe8d62c,TRUE,0.971902
588d3325e4b090cf9c5a464e,TRUE,0.677706
58b350c1e4b0eec3bce005a7,TRUE,0.894643
5872d4f6e4b0e80f9e3c257f,TRUE,0.894635
589292cce4b018a8bfc28849,TRUE,0.813522
587a57abe4b0d1a74fe8d574,TRUE,0.958266
5872a451e4b0e80f9e3c255b,TRUE,0.759227
5883a9b8e4b04c4484df071a,TRUE,0.945921
587ced3ae4b0d1a74fe8d6da,TRUE,0.87162
